<?xml version="1.0" encoding="UTF-8"?>
<project-private xmlns="http://www.netbeans.org/ns/project-private/1">
    <editor-bookmarks xmlns="http://www.netbeans.org/ns/editor-bookmarks/2" lastBookmarkId="0"/>
    <open-files xmlns="http://www.netbeans.org/ns/projectui-open-files/2">
        <group>
            <file>file:/C:/Users/USER/OneDrive/Documents/UMT/MOBILE%20COMPUTING/CSF3034/LAB/Lab%20Module%203/Activity1/src/activity1/Gross_Pay_Scanner.java</file>
            <file>file:/C:/Users/USER/OneDrive/Documents/UMT/MOBILE%20COMPUTING/CSF3034/LAB/Lab%20Module%203/Activity1/src/activity1/Gross_Pay.java</file>
        </group>
    </open-files>
</project-private>
